usuario,clave,email
jose,miclave,jose@gmail.com
Maria,clave_secreta,maria@gmail.com
PETER,CLAVE,PETER@gmail.com
usuario1,clave1,usuario1@example.com
usuario2,clave2,usuario2@example.com
usuario3,clave3,usuario3@example.com
usuario4,clave4,usuario4@example.com
usuario5,clave5,usuario5@example.com
usuario6,clave6,usuario6@example.com
usuario7,clave7,usuario7@example.com
usuario8,clave8,usuario8@example.com
usuario9,clave9,usuario9@example.com
usuario10,clave10,usuario10@example.com
usuario11,clave11,usuario11@example.com
usuario12,clave12,usuario12@example.com
usuario13,clave13,usuario13@example.com
usuario14,clave14,usuario14@example.com
usuario15,clave15,usuario15@example.com
usuario16,clave16,usuario16@example.com
usuario17,clave17,usuario17@example.com
usuario18,clave18,usuario18@example.com
usuario19,clave19,usuario19@example.com
usuario20,clave20,usuario20@example.com